name,x,y,width,length,rotation
b00,159.75,105.48134328358209,11.0,25.0,4.73
b01,176.625,128.67857142857142,35.0,54.0,1.17
